,label,x1,x2,x3
0,1611.2296611896973,32.32930159028048,9.22431467462081,91.57700859041768
1,-4731.322728755748,13.974914568027025,6.537410217482035,-23.5400030529632
2,-5124.50713733606,7.473981220319235,27.63023037436124,-9.02325982623475
3,-32468.60265445521,42.1934975469524,14.912490443383442,-41.60898433352672
4,-21947.785234746425,44.890835257560255,7.095786208107507,9.495358619850766
5,10075.441328567997,-3.192407778008528,16.087500526428496,38.54660774907421
6,2172.2903111279697,10.650276674199231,4.962254216242468,44.33767261806176
7,20075.830558661462,-13.51329297945035,28.792721318386025,41.89224547353042
8,11944.107505071554,-4.505850129088461,21.218593900881704,35.58484676527401
9,49088.55085083895,-6.787796103069326,26.784739490593964,105.85649023946564
10,29649.32717111208,-7.942018190504628,18.5314150419806,99.20289809825876
11,-36941.365848608126,13.538135751153956,15.153525269000214,-132.81528566010232
12,-6328.710063314422,9.568203490460911,15.47986542309767,-21.01698642406144
13,-19764.132973890624,44.234281343980896,21.671215107221983,11.047888491850957
14,-294.5963769198335,-0.0517438608863631,20.389827432840647,-1.1157816702494312
15,26023.504003117163,18.353916599847533,23.298086580276824,78.22835061900192
16,-1961.4651537086772,17.96554271978297,27.1393620265152,5.62790560929196
17,-26210.982179798422,16.32259026372692,23.044815193817037,-63.13908476699581
18,-1750.6022575525426,8.634738065732371,8.280600841742418,-5.096016659697758
19,-1461.6961099636094,-4.501026589424063,9.423893796615337,-8.26263255085623
20,11637.464276506218,-0.6563560188465463,10.031532999029375,75.51430936642339
21,-13089.267596112331,25.28074242048912,10.980645578181829,-29.496943728768624
22,8383.40352938111,1.1769524737407746,28.278729904767747,17.397937468731605
23,-5836.074312657406,-6.146136137467723,10.27106339137747,-33.21376104070531
24,-38454.74565006504,13.815961093442382,22.35873604803949,-95.59612796304184
25,1157.2042986044614,15.296338410810776,6.130568856860785,40.0208921681007
26,5112.35368635044,26.035355456395497,18.164899095205406,44.70754902082717
27,-21233.02617474684,34.579090516896514,27.06062911405532,-14.115919677156633
28,-12629.400469135277,27.767466058964263,8.041587603761773,-22.56753804670094
29,14918.954588780678,21.5718832682826,15.589218733452558,79.33295366031835
30,-7480.213039262592,27.62942529761997,7.272219947555662,13.175612446651934
31,-22611.580271991174,43.42497860023296,28.600845839911862,3.163990866766453
32,-9252.53231147986,-3.709637484585208,24.741778130105107,-23.387992040045216
33,-16229.366175532756,38.83756333863609,9.491430566130228,6.201008957650791
34,6539.049156429737,14.746722476155316,9.92529160766306,59.48254787329283
35,-27913.53920870478,34.376766725048896,16.863055920213277,-57.69578144886685
36,75364.62475355329,-4.257055930383579,27.565994301389143,176.35139064048224
37,-22702.67712845649,32.07871851305562,17.08463362651495,-37.4645434223881
38,29779.714209711947,20.35110311205418,23.12759685926344,93.49455039826736
39,-5112.393733166597,30.17796574841834,15.711095488393598,23.468165979385567
40,-3883.874527435696,40.41525157060886,14.768335132107154,65.69735455509489
41,-4024.598850095306,-10.88007960166819,16.188503598428568,-11.421258807743744
42,32597.21472664933,20.588537640057883,21.88859594554737,104.07495458096416
43,10636.67052662666,10.334125698889428,19.686502663369424,36.32913782690803
44,35189.16856057624,-12.54590107511979,27.10037931295136,79.79297563456548
45,5592.6261774358,18.701624041210653,28.774354102539668,22.23980035807554
46,-21109.36183031652,-4.690910287676292,27.681518738902312,-46.300776410938
47,-18193.72345195266,41.38004737303396,12.775213327809892,17.655280415338474
48,-9005.575537896359,32.4004032931296,11.20273087519828,21.512298945488737
49,9239.577779012194,12.198838244419886,9.149954336420876,72.24488188233107
50,4748.311116774999,22.99947256950342,20.159788019548262,34.21542959345315
51,-17837.319757248042,19.320727421949236,11.862879760657265,-67.66559699817012
52,-3548.588824951132,-5.39191897728282,25.410552004676408,-8.592559590119583
53,-24426.85035862866,35.86805879904665,23.60175734836421,-19.330168546695766
54,1726.8677592499616,29.64273163831784,7.3312754709206525,99.15760054431252
55,1761.1808451731786,5.419978708052653,9.42079796479902,13.8790642720206
56,243.8635417200749,-11.778273243416882,16.11863032573693,5.160905434820835
57,-10973.788954502965,30.598329474539103,28.39717553647412,1.8231463398367904
58,17002.483167891347,-7.250513345726996,10.089623364681431,107.00639198863752
59,-16275.775409789869,42.93042305485493,5.463233585127977,59.46394666507929
60,33207.3410550417,7.036546681972656,24.434817028074956,88.26257700059182
61,-17147.760485591305,35.53916128135896,7.038407332961973,-23.72353255361451
62,32602.74455148874,10.759731440040945,28.17189029565974,71.982923260649
63,-29962.982851085235,27.016015585002503,25.491758811006328,-47.28004475243925
64,11730.428390805428,-1.783352348223188,22.76498247961456,33.88804418193308
65,-4990.640040780766,26.08678745077604,7.081939583210145,29.64209189998388
66,-32705.28031721335,31.998715657871767,7.908569382241906,-153.7050891042497
67,4975.141055810971,-7.905803541187171,15.439915475412576,20.34883736594325
68,8270.343112305749,34.08067693152503,28.42948651177802,50.23436763173719
69,-2562.79983176802,25.30431204292476,12.54001840429,25.34338950904399
70,-14279.7182852357,17.25425166278498,14.9005066288898,-43.7767675235405
71,-20842.07389715356,-3.7513339793157634,21.957807854619425,-56.95428172148395
72,-8388.23187695558,-12.289348487259266,27.5784915889186,-17.653728569993174
73,15989.289028114648,-14.47114842956972,11.564236238640133,99.80618876929704
74,-11600.553311030695,26.85649411142844,24.798743715338617,-2.2056576821585807
75,-1018.1859901881504,14.292738074756034,26.026781821081222,4.597697101375188
76,-1453.2359822899389,-3.792965788557103,8.92852192865997,-9.540542014818968
77,-41684.62232983673,-10.729504068194393,18.41601311391892,-132.8872381930948
78,9662.530103394189,35.0927832855766,11.172676203864324,128.02635347749722
79,8056.840380564934,-5.248239362640108,17.052642064312245,30.8584455367307
80,18385.876002556823,,16.79467842231994,73.04353427365432
81,3343.441573167664,19.3640135729913,10.423611997837158,46.3487491584208
82,-26663.82248164969,43.74600944927232,11.296736986145884,-17.254363033467424
83,-671.8738126763981,-0.000442839876209,28.91163739357342,-1.6706934148078467
84,-10694.006875501584,20.134463519353528,15.89602077544611,-17.655719612314186
85,-28684.20345527331,27.440089296874024,20.36314645490073,-61.19755081137565
86,-21797.07318911196,31.36630385852685,20.77581362518065,-19.06923411771656
87,-6329.703827946659,0.6346893220786782,7.099445765425152,-52.016431746615694
88,4240.390551237377,4.525068457596866,27.66017669661025,9.97031301086628
89,-15673.06176392067,14.57650547325657,17.215100025277255,-48.3862113611246
90,-12613.700475836253,41.98554183840725,19.134191582043584,27.989347870337053
91,7379.145601383428,8.511967972062383,14.42985306309156,38.150114697665614
92,8556.8610026058,12.361927046935325,13.284940780185758,47.640217026967605
93,-12698.001582597086,41.68407307965137,12.656176831892564,39.47767690427405
94,59108.24302375767,22.25002287063301,28.732979747708097,142.76154754198777
95,9380.572001618772,13.110137230637807,10.503914673844656,68.81859691070169
96,,30.648672303277305,26.851821225585557,-30.03394586240447
97,-28259.302222480008,23.09965748440275,20.128838350459915,-64.53388654209535
98,6438.103408275644,27.837885664439906,15.316549168813212,64.44171405487526
99,-14948.261344414646,28.672977910404807,17.892771591795594,-17.217576989838072
100,-1465.899998511175,39.03019023798568,14.738349768699209,69.7339779027829
101,-7320.544869675082,7.406515488290321,17.470087916564488,-22.727463143652688
102,-29440.893600840176,4.602560743652685,23.14009029433912,-77.06241922796028
103,10418.322483692613,18.931479043360092,20.500731820736007,43.27218246361974
104,-4753.996239253193,4.187119515592581,25.242139790743902,-10.54157920516662
105,-55988.17724605395,42.50218983275286,19.25579290808387,-101.81638784439257
106,-2962.774303400398,1.059825473051598,23.564203316484697,-7.817033776615789
107,-658.7476741835023,-13.896522421234202,14.31646210707552,4.429923825575997
108,2702.111910923216,19.17790239753096,8.146250940952687,52.02881879706531
109,-1548.950736504834,20.704308218408773,14.2815067384291,16.448918579802182
110,-27978.090780247014,-9.335436193394356,25.11820038938448,-67.33551244094636
111,18352.11439550831,-11.46337931160772,23.065690712934355,47.68081495743024
112,5961.852555388939,18.932976705366247,9.6259369041177,
113,10052.85122436804,-2.9209429906456936,7.000039680899475,88.79693340710051
114,9670.46520364731,-0.1243748224994298,14.665798389121097,42.57793119467424
115,-10169.94058481199,14.73750177748743,25.41392203581947,-18.748863466655017
116,-10878.16864269406,17.2457985002478,26.929973548309253,-16.493382415833768
117,17472.083491255602,5.331905279643681,16.167220694810048,64.56025845778068
118,-28411.930913997487,38.88764144970148,14.957947894947049,-45.85473623978605
119,-4920.65766464309,40.40885766245802,14.759879263693222,58.67896862486248
120,6301.286454680876,37.45201382625363,15.572206340396926,89.93727343640147
121,388.12452294734857,15.51180019567514,15.430165877735856,13.862612230122998
122,1245.9159124766218,25.711707957510782,21.281539137842696,27.84638065089406
123,-18246.125170427425,14.386839647012476,28.94421063110563,-34.26511458747922
124,-29339.00404607748,28.76757529145676,28.71924158735644,-40.060639877821046
125,30090.7726229548,20.062078632544885,22.832013153655364,88.77375999238048
126,-43633.91301831552,33.16191298847812,22.546910541011677,-87.77246213413504
127,8148.648684240234,6.044816893963112,18.267754171535916,27.517062016590152
128,-7210.601572334922,-7.535367769461388,14.710608649486456,-27.952204789464
129,-11022.027094014373,21.58055695630693,9.303518614886684,-33.1974002608642
130,5267.678530984807,18.790102698096764,24.090567723300087,26.674497261496143
131,1218.530183193726,9.70141854320224,8.504115379434523,16.964309122977255
132,6790.931637688097,13.96139362544477,23.31607747843177,25.383193357180065
133,4413.129199359966,0.0713944065225415,21.31152522447453,12.425142604283062
134,24983.990331154106,12.490460240456072,19.472151229138536,82.06227862547678
135,6007.798948053679,-10.213802367911724,8.425502624691509,52.1461540198017
136,-15976.298491109344,24.07183890374137,24.71179369087962,
137,1204.4529951712148,20.91519749414579,8.172095978364489,48.82499469100162
138,-17568.139772397313,17.40150655968827,17.8257977709587,-42.59391549420599
139,-3016.99638111406,5.538256963646177,22.41507408980088,-6.232945926207528
140,-2567.511774490908,5.701462440394295,6.034693460776429,-21.303713408948067
141,-33759.11515211764,0.7295819105081716,27.83216652443821,-71.20354074318476
142,-14897.198749336363,40.119033305076215,13.79193504525409,20.44953209770596
143,-5807.556897593526,16.47319116691941,11.803830008003567,-10.043024380211374
144,-33334.88605116882,-9.402511415526664,23.33660939667762,
145,-30090.181132280708,32.799074516321625,25.15285827933996,-39.47416998890019
146,13789.15474062434,0.2263758655768626,7.229973613970908,112.39094165933632
147,-23793.536350956147,16.975915693428846,,-55.83785390509813
148,5354.360224295842,41.32957001849316,24.82159535814077,65.1412992972944
149,-37666.13044575366,42.800858433483725,22.962541155124715,-42.22306938844635
150,29324.262581685267,-4.643657479017863,23.05561104092643,83.56490209077734
151,13336.3631404366,18.94301684942486,28.459385100796737,37.27843578864085
152,-2029.138065446208,28.02048410437538,9.117878819313972,49.74168313872924
153,-1681.6521768289792,27.70393616801194,7.55230826328688,59.52608284690476
154,18627.170446732784,-6.152017134518868,13.3939863873629,92.99966948580708
155,-8989.482246634989,-7.593611103510771,17.165589617147837,-33.280606971340475
156,13894.754635759547,21.78110636194125,25.60888069826068,48.82777285446707
157,-13541.184813318034,18.03555237298936,24.402009284127157,
158,14567.493130719717,27.298886840720886,28.35030449329408,53.61903081342992
159,-4059.800351688205,-5.860691991495537,5.312201513498345,-41.08422653386165
160,-18242.28874520757,42.890738683421816,21.32930697967016,6.927583258974195
161,5655.298480158053,23.70584096474872,28.29869444138997,28.00574083872256
162,19127.07036733824,14.139429692020164,23.817123523054622,55.56916786026875
163,-2382.557457855031,25.94559024524088,20.92075179922152,18.258823673476723
164,-25489.688735163432,26.068011347523804,13.86768752537309,-74.27734920575463
165,2063.589183756436,27.93109846963586,,46.36905561833571
166,-15939.10854378674,40.26306426349335,6.200654094013816,25.9556663166344
167,8682.991932493282,2.112525017831107,11.74413017226042,42.163335638495056
168,34732.12539523676,19.728143679681263,21.64238533863416,110.17295870851255
169,-6963.26305270046,16.29639325424569,27.547044862936374,-7.39768457197054
170,49090.28131896615,-9.030560520697684,24.10573894819425,127.89434493629062
171,19398.954345832863,3.758419671596432,19.08336771464448,65.06368648923656
172,-42041.80884192203,14.076145268756877,20.686125574042528,-110.17324564644996
173,5179.472903190946,,6.841717373310949,44.10714232826943
174,-15480.953064675645,35.79113126083037,4.975642668179778,-4.117338212931582
175,-13968.3532866583,43.5853867547149,8.589442051790119,47.524503251373645
176,3423.3279404690093,-2.5956652286784614,10.458967642304374,19.07259958662828
177,-35830.75765782491,-7.586465037693077,24.416529716632727,-95.76082549596588
178,1416.8324994487898,-2.33168127156193,9.630660903425952,8.834173814051246
179,-5216.387981445663,22.236235341989826,8.091734421249473,7.714173512470046
180,-14601.830252590484,33.0060908318526,13.620808600155044,-5.098350143878346
181,-2291.6558016349422,12.061807628138592,4.930763163776811,-9.978273451170288
182,-22263.06188175772,10.124375341992366,11.034978082251556,-120.96993613449575
183,15746.704969639102,-10.77174157924938,21.235615355132268,46.70810305831121
184,5462.501453909061,17.02377987227258,17.688205576917653,31.2255097357858
185,6998.519021455161,-7.251540955632292,20.446155291833957,20.79909797350431
186,-12555.638066674872,40.77351719797549,23.71581429863737,19.13758472340486
187,-45549.48072858473,33.246456653733205,20.22733255985665,-91.73229382433608
188,8063.000760843019,12.398560721714611,11.818866054208648,50.82932133327797
189,-30552.94746131465,34.554834329438364,16.960853561449618,-55.51588603279258
190,-19953.06570717356,31.24766391396425,15.262811643909457,-30.88089821032111
191,29154.6805211849,2.992791198633867,23.86011318535217,75.95066135424578
192,41436.69585757179,0.2273947787172048,25.33699698031699,101.0037856192167
193,-25666.47070515923,,17.323117679729368,-7.773563158876845
194,-20777.34528898668,21.36514224457328,24.897714134869787,-30.845784227898665
195,4590.099014324818,43.45792603420368,21.173205259576367,79.85696672960293
196,170.08068798365483,26.73806998909936,13.603548115240988,40.04629993944612
197,16797.031971371343,22.343473633977485,28.56575529105204,48.19216191428235
198,-1313.17680299616,-8.605285144122742,8.427029403032193,-6.022980592878895
199,-25741.541544445296,,21.33837450829615,-17.719238679499856
200,-1195.428239224448,-2.820944493642168,20.878081329540127,-3.934659773324803
201,10304.396171692002,11.38306827796007,24.57783589530612,28.584380660755503
202,-40512.26457803358,33.32416575244905,18.772233210064133,-96.62422329257336
203,36604.247082797854,12.685399596985231,24.58604089493437,93.9988688894816
204,-32078.57405975957,44.84776363593096,18.467810544405147,-28.40831315910208
205,56636.93095332495,20.178486599106623,25.509693973570204,146.14036824456338
206,-207.07783042714388,-14.079492075869018,13.5979743106139,7.038896074848097
207,12575.087675808663,21.12923030438083,22.81103695137644,49.51392056786565
208,-16755.55062122174,29.013955616609817,22.605890712635237,-17.341716752671463
209,16483.800730685165,-12.97389504723153,19.01891002162249,58.042154927218064
210,-13.067480921888588,-5.401024197506793,5.935147993013855,1.9163070067018009
211,8790.167214296911,4.383423077327187,19.26489692906637,27.393031526564755
212,-40201.516458039405,30.329233562047417,18.22910636892409,-91.93104791755223
213,-28863.07936854221,3.2169805355471404,22.607431155347864,-79.547286077045
214,-13750.901674359824,25.11355564129074,23.376919207687507,-12.630780145890927
215,18200.52169919826,3.442631945221944,17.80746905053639,54.75809776669692
216,791.005012326127,35.64199283582472,14.654728755045507,67.0103754422477
217,-20482.834747641507,36.59633636536637,5.089984848053092,-57.20171809713428
218,2347.550491187328,13.537605263162837,20.929902878966097,14.381918188187411
219,10611.269797387591,9.505568369496263,20.376681290135146,
220,-1482.0215102599198,-12.319845585604062,20.50556045249384,-1.0832126474254125
221,-23555.72435306492,34.870989003348555,20.402604149187248,-21.66094108670956
222,-20206.138420126048,32.35067146046194,18.643433386831816,-19.019127951694536
223,40209.14044310529,15.13685147221132,28.45477664253541,91.49268430878034
224,-2932.8544117255888,17.526894841919802,5.942634393750109,8.75603862838725
225,-18666.867115548543,2.447540922993735,23.28221242999144,-44.52723324711775
226,1445.4829254855483,13.635547359296789,9.479955205073486,24.53504645529184
227,14963.830819439274,-13.585441444431254,12.37802648226532,86.06483477052636
228,-15865.16652741159,38.89850954583814,20.906634656191542,4.634201088985826
229,-34790.305558289634,35.634179757414174,26.29580280014827,-39.08634689916106
230,24359.73265823265,-13.997227015542386,26.826234636633323,57.66548756962921
231,8975.20300996306,-11.238797680011812,8.266296541891935,72.72667586330451
232,1934.0726443826647,16.6874097416803,27.305836912014197,13.091359993340596
233,3835.951428939261,-10.95581123761794,13.926576677622403,20.177470559976054
234,-16376.099658726604,5.94802425988798,28.937060528075506,-31.59221742094641
235,9862.768718918807,27.268561255607175,16.771576072615183,68.7234165547447
236,-16734.659213225452,-6.988974625004473,12.925881739170997,-73.43877476878986
237,-24629.377656691657,21.878305638943385,16.870742831840715,-64.58493974693889
238,-19886.727583713982,-5.396431936533299,28.66212538443546,-40.86506756573762
239,17868.45823918217,3.8740321592167497,18.044378372956217,68.42446135714137
240,-8631.340290506081,11.258002397415588,14.306066293585893,-27.718549607289905
241,9424.775242979502,-12.725049387857844,18.6912182851924,32.930466076693406
242,-15563.226447135754,40.091035519288965,16.20366959691308,19.64588679085822
243,1060.4155956309028,4.38283996877929,5.714836029258719,14.04418382615053
244,12782.957280884177,8.557646144485147,21.84925421601328,39.87070681234937
245,17339.514982928813,-14.135215467889166,21.432404683623822,54.0059377743254
246,-15778.870007094987,-7.940129186403922,23.0870071774199,-43.71476722687992
247,-1063.2079653607943,-11.294779090724935,5.232738070457748,2.049986467278522
248,11378.443193773288,20.78919217705187,25.83067828681965,40.76813941044036
249,23281.3329905414,-2.0321704768013618,25.671600127589663,
250,27062.14085047211,2.951983067712721,22.927635991303934,
251,5141.783827446287,-7.081753708762555,9.103174898315856,
252,-18126.195821460067,31.56052066055732,24.524318388225936,-13.295804622002835
253,-8459.109164751097,35.30664749884515,27.327102562228035,16.374477883948927
254,-3093.4895727099406,9.318204046900089,27.963839465091244,-3.499590149697058
255,-16872.537987458585,36.26831193179886,28.748939915510466,2.182854282887422
256,-19502.4515470746,34.62424037687184,21.3475405459959,-10.71305069793648
257,-14889.699032133189,2.6465069915830988,22.34275605136748,-40.4026980142461
258,-25141.12072371834,32.59485977213559,28.854722807993163,-23.64112801670538
259,13660.50320116766,-0.6713337382746172,17.719414740785574,46.92241091839149
260,-23278.38925670288,-12.88441588243695,24.731768599534263,-54.08340961724178
261,4592.540638447087,-3.935996445644868,13.570105962139476,19.45906041017487
262,5027.343011055646,-4.344210025437132,4.798069958985669,62.412387185088605
263,624.3877224559711,-6.296349555016693,26.77344213456341,1.3311048041325764
264,9110.46320658988,-0.1788295668834099,8.28045645825513,66.1262374345327
265,-3549.885378034656,44.455102573491885,24.52067804748631,51.37239962338485
266,-3325.7780217576565,27.807123669461152,16.731763611614692,23.279826749453942
267,10931.85382567959,28.876422445903525,26.66270045452902,50.58602394540567
268,4674.063318526477,15.345706842010578,21.266591741941227,22.29171345066811
269,-1616.1210855467525,-1.7394229529036576,9.017949123011253,-11.495360671687797
270,-11511.314491665624,-13.024290826328173,14.071798265529006,
271,-17006.230389203803,42.6898183586768,8.341302071638037,32.53188400069482
272,-8750.47595282383,36.19058513914487,18.55342068124121,26.28620389305476
273,13907.1795857413,-12.03645882615724,7.965006859887102,109.7517257694116
274,-10733.520564139271,41.22716241953283,21.643913559800247,27.109896834619832
275,-4821.3674933629045,43.668346974147454,16.12096358210021,69.28963187335201
276,-6336.573838572856,-14.347863960066086,21.45902162704278,-11.502019880937349
277,-28812.768112068083,-8.572393436218622,18.81396351056732,-84.76010912117705
278,4953.344944334852,-3.300830396899677,7.502697322194159,40.86995110531275
279,-3409.2096282746425,30.389823770081808,7.143184817635529,64.97913253042414
280,11127.017494258362,15.341306787092478,27.910768789413165,32.40738120905488
281,80.30860831486481,10.82591425813312,5.627265138434289,16.391683141140923
282,4945.926784569151,5.057094411589638,6.856729021515648,44.833579356827286
283,-32137.225748647412,42.27623223562246,16.891239256727648,-33.9539790057522
284,-10811.466211105791,26.22314378547889,27.79269884521488,-5.764027690152691
285,4767.485609902379,17.301074177010907,,40.34730010638694
286,-15237.786729106729,37.98126263005207,15.23637390184463,8.036139122593452
287,-30045.05787562284,44.58353359752672,4.7908626512862815,-96.493897921974
288,-4694.42798789595,-10.529855026739565,7.641872879225922,-31.219462698900312
289,21878.934926351456,-1.0587715081204028,20.25851172479102,69.99140371276762
290,-18012.8466715038,23.057746406202373,21.828494934514648,-34.0285361779418
291,23273.73247388184,-10.750994605797215,28.27818483181085,52.77521086575581
292,10590.450915731904,23.488280173914365,15.725892108332587,67.83295723876897
293,-18423.646267990323,38.69031285091722,20.88195382336724,-0.608403513575686
294,-10399.73925312522,9.592547034638812,8.89755558287995,-59.18109336166134
295,23364.484924737146,-5.563925830779928,22.297300130039662,64.89615121969462
296,4685.462925989923,-8.539809426682387,14.300031184625407,21.796863931869936
297,-19874.51575206425,-11.821591201248925,24.126024407925915,-46.19756949351866
298,934.0449335659246,-12.061056592928164,11.478232530928796,11.589810531696951
299,-9188.811424000629,27.58124160171546,16.379979367342138,1.5200264136517658
300,-18560.814086731345,-4.138626390898383,26.21234726795394,-44.38925514474271
301,19544.224931469533,9.21711738468376,28.89429094588669,39.47746280201687
302,-2084.608884966685,12.234661803014513,6.415130477052687,-1.6694256985998592
303,17658.48629545584,-5.104543840378495,18.061696637580923,62.031978354180495
304,13991.558246639386,0.1291839353286761,17.53935519626344,50.193798108220165
305,58708.29134893263,44.64239741062579,29.025078198972505,163.96416578132065
306,27465.44346266052,-3.3325100475378644,22.59526499476109,74.36270790656164
307,-31368.82677391228,8.23830157804457,27.97949215312499,-62.05814911806856
308,,-9.99578443227266,19.035673168406447,-48.85002607227902
309,-15551.630368459804,-0.2831553289943134,26.09486327190348,-33.437898573934405
310,14844.245552970307,40.83775386778538,25.63614850908611,82.86089113232974
311,-34687.57724760354,4.824917826048619,22.52453638287382,-95.3226530700273
312,-49.34738003183237,19.393799950926525,23.69829263775979,12.84547103057023
313,-988.5668028856757,-10.387782111214204,12.82442275184288,-0.4846234887644449
314,-9447.0820074086,18.90274453826446,12.761543969277454,-20.35744386444841
315,501.1971040460839,43.02201821567485,25.0887673253121,56.76547083243838
316,14966.491468765724,-2.116653488478521,28.334583871281964,31.303896101132608
317,-538.7548760785521,1.545825441854948,7.15879583841712,-4.658426077034964
318,-10386.926325422332,-13.4881738725558,17.86067437563593,-30.75305415152052
319,-9590.38354325869,5.445192233196007,16.597653125200505,-32.63399757494868
320,-23504.539660429014,9.442180130641994,18.32278414596832,-75.04685397606434
321,,8.952381762351987,7.57150010269099,31.26728513832627
322,23756.053236422456,30.752728776610656,26.845317201415615,79.67384177735683
323,916.1133312546212,-2.3336629138363723,14.687450337406988,3.526133050741659
324,-4009.4882812443416,-8.048803598221552,6.128841005818879,-30.742892566924635
325,11153.268941945684,3.836485966135637,,27.01530703536091
326,-3635.312747208558,27.506163764843773,11.21972527036709,29.29599966522205
327,20183.72616884335,19.7313035532763,22.35700878786906,71.67577409938427
328,-13619.026922415998,26.422577955129643,18.51944741258369,-13.641492764933057
329,1201.5470174500024,1.6045435184454888,,12.309341576808324
330,9705.122029994956,,10.718224851874638,131.509543782333
331,-9207.521423989689,24.55783977016569,9.54758506471328,-14.81563613587194
332,-3929.0246279812527,14.185693165817533,13.762274814839936,-6.045287896631836
333,-10788.79565217152,10.510850723137494,7.99711033000943,-71.49293883778188
334,-18205.101655639974,-7.945654264526325,21.6020828807856,-51.82407902758269
335,-16889.73579207959,34.69641140515412,5.651006343535639,-29.18293400898916
336,27707.981198602083,-2.8353740741177877,22.00218919203192,76.57448380563142
337,-23254.76848563369,17.996293830475405,24.56392871101968,-46.96575462569554
338,-9494.775189465065,23.332034013904067,11.223124035158882,-12.743290259664388
339,,33.93745285642083,22.5295179953238,-12.758962820731837
340,-1363.757028535509,31.822571312182287,25.209408783384337,27.769695935629223
341,5738.388265268953,3.0621264160724917,8.213207185706668,44.091244251826026
342,-12434.076834854528,37.88633257612911,22.01356855215734,13.415257477574308
343,34237.20344734197,20.08155642896244,24.154175549399888,95.96093201839884
344,-19130.35748305635,27.45609098524542,20.72392095092716,-28.00692269433821
345,14527.947848576005,1.7259387218273543,7.576395241472747,126.26912527733272
346,10063.558946137648,36.43308683526159,27.034082353374856,60.28364305373512
347,-25555.086621600483,36.96426848610732,12.16022411191121,-40.74652188806979
348,,5.673795477470545,19.118628158493387,-4.321742245237743
349,-35551.509969372215,44.11933678683653,19.361915463137898,-44.75303385920675
350,24660.077539602127,5.216786464117966,19.286224216025676,77.7880365912441
351,9066.382694913087,,19.295549086727405,32.73275994440015
352,-22171.212987265862,42.88620103097543,12.28984321735767,6.369346043473859
353,8415.299816974826,14.041690067042104,18.85069934466741,35.919235662041245
354,6154.125745735435,,8.583392486060776,43.75506672193603
355,-21056.851057353317,6.006808294928451,22.289737452192902,-57.284212493103965
356,-27308.198617685623,42.249869432895125,26.73221998668465,-19.58414401117858
357,4848.651648260841,25.40814675796761,14.06303233954877,55.90434921297778
358,4636.987880538672,-3.807980464394822,6.551158856068206,43.39081519017861
359,16487.782144905657,5.193355187613463,18.84162946459833,52.152954267498586
360,-59035.59717415099,30.233046476430875,25.89592304981069,-98.79713706473784
361,-10988.496032562502,44.53928913271436,8.511691994119344,84.42687704899383
362,-12527.879315969332,-14.098186023283237,20.543802679135723,-32.41887702745433
363,-35733.803294525445,39.926104030917045,19.9198285330182,-47.31691630215112
364,-7701.746347229911,34.80446221060234,9.213370271257254,43.64318735503
365,370.6830331143813,-8.091011513966574,11.829040520552605,4.328850233302863
366,-4880.304133184659,-13.609110524564624,5.263276173389685,-30.443942074900477
367,,16.131648628825054,13.229822864071162,-23.776222753048724
368,15137.816731149516,20.915266838815157,29.040411830187832,42.94254313220273
369,11028.519698522048,-10.35633261367271,26.894495863163357,26.34924167789243
370,-16091.986736849316,36.19491418967744,17.786991715297695,-1.9302097181349789
371,2998.377995849115,10.851982813700747,28.229044454777856,10.63003564317232
372,-659.9707091444217,23.758425282664582,17.77617588543319,22.113543835581044
373,44116.019179038034,26.489191386302803,28.96877590963349,120.50208912552988
374,-38903.14912578613,21.250297226571416,21.77951358602168,-85.68500179066423
375,-48874.66768025849,33.39277843349197,28.05024705694575,-75.57085819901292
376,-8042.683822749839,24.560793215728108,6.1263177981842585,-3.845995244552881
377,-5611.747571691556,-7.038759976717453,17.413647744126436,
378,-5300.928135129556,13.964651708902252,15.12636657613999,-9.87060722484081
379,4555.286894156332,-12.749707082873234,4.751834294870742,73.99976380152725
380,-11273.407021177296,-12.014679014844624,27.480345154676137,-28.275351826186967
381,4112.33653723108,0.8712448565706534,13.48932978768072,19.25490451661411
382,-15437.69858368837,1.930346105790857,20.39343183019587,-46.3394525552052
383,-2041.3143769686264,-1.2829194602920175,8.590738424446563,-14.949537719463535
384,16517.886582172257,4.546614791631253,28.70486478382362,
385,-21622.32386076099,24.22786453226437,14.73670017126185,-55.27846015727104
386,11052.36070741975,-13.812969122501409,17.63264804055119,44.55969081150083
387,7536.879124813511,3.290632006758223,22.67145977281626,19.980539818516064
388,-33562.35485939504,38.55367577500023,15.160284531100771,-69.4589485738093
389,-39465.08280176819,38.89844771940776,28.74416775283302,-52.99506894524954
390,-3745.828532878049,13.59106065491601,25.183082694742104,-2.380443828856512
391,-6089.583341638895,3.452551921105627,23.412125520689877,-14.21380821160065
392,-20313.89671102652,35.46210796560666,15.533627819240776,-17.822172855283565
393,-14950.886752070226,35.02816844844715,14.68366444684497,2.333802958461094
394,335.9003302412398,-1.578936408508719,26.029322465573063,0.5271957382423347
395,-29183.973233983437,-10.51514338051502,20.024401506087067,-79.68625534897816
396,-16386.605826502666,34.23812739170842,5.6166718540984215,-27.93081192632657
397,-2182.826338469399,-3.919277132450791,27.645728898062227,-4.609024377108229
398,-5417.954412286076,35.91018086048558,13.442268426830124,46.7503983963295
399,5182.760775647716,-13.19726285240766,9.18681305533912,45.88440789472708
400,-11935.741516727508,14.665659847740464,21.01368010386081,-25.17417652337084
401,-8663.293150188138,0.177235955456787,11.5334621474032,-44.34674534219664
402,12653.635378837778,18.635298504157856,18.979762425797684,50.17611385753361
403,-926.0389571499244,-5.987792990978958,5.692940773465784,-6.966969373946848
404,-21198.04326013224,42.79984984996513,23.43255945775937,-1.092071215714039
405,-19987.71033478636,9.49826584220866,20.29209852919577,-52.530601036640775
406,28473.776976668843,-5.169300976262644,23.133798063065093,75.08990180211181
407,-8485.594103343941,21.34782517499417,,-24.96680982979127
408,-16487.41005444507,44.48273200800448,7.755124627694387,52.540722732792815
409,-2764.385918600632,-3.4125879474967853,20.56518650177085,-8.241795748490555
410,-64872.10995127918,26.22395878247696,28.22038141486641,-118.20852291488568
411,-8993.05609713588,18.61127771508559,8.904305575378046,-36.55127960884394
412,-13714.865032676224,18.542641436869136,13.049522541291225,-41.294366772502784
413,328.26121970175967,25.606878635447632,14.113953839959851,36.42439743710254
414,-14837.605373350085,-13.821470076842402,20.07797087612005,-39.960903346128376
415,-27757.73167748768,14.632420855895475,17.2045562586939,-81.92756537168343
416,-2578.215759730532,18.26186928501693,4.989678558972272,18.216653617297844
417,4841.084507053027,-13.37420597822676,4.787934378155265,78.39905972134568
418,1341.7895760770646,20.95842841144003,6.66071366704838,58.8517830327165
419,-14793.67402210215,37.65653863246781,10.11334204459897,14.217926157935173
420,38158.73588819519,11.091324996802037,22.86664148018293,95.46385787063484
421,-4294.289319107097,23.53374672668164,13.33573257555443,13.299552721133916
422,-16732.21559939397,17.742696152726243,9.667033076778292,-66.5083822687091
423,23326.71812785894,-0.2431242742761128,27.193426518171496,50.82290852921176
424,4096.709020862042,-2.8860342349276724,4.885791071393486,48.70781728891392
425,-6900.435226408337,-13.353059691686177,9.154219842733504,-32.45652316253822
426,-29203.88803453384,-13.236625044428935,26.292336353717392,-72.37773101804679
427,-17547.945652060855,0.6716182223039713,15.675246766184546,-67.43019910060752
428,-5952.52670759546,23.23930317156508,17.340301121859724,1.9125357716140143
429,4246.723580414408,1.479179332147968,15.14041097636226,
430,-5804.750886319191,30.70931302809026,9.679905783304235,32.22300548250229
431,14070.860781526864,12.995634990829585,24.43649101984484,42.588234486833926
432,-5683.07452370719,26.80882146769137,27.752145360457728,9.05881177938272
433,-19996.07811777585,41.5144248858482,8.374412239913188,1.2396117407601448
434,-54748.60699451916,44.96382116827833,26.028174282373072,-72.00858162366151
435,-21543.403799390908,-11.84502370105718,15.902805770489692,-72.49485630314635
436,-9706.51535913243,-0.6741607390191238,19.577515984998875,-32.10009506803665
437,-29769.6443001586,23.78665462835674,24.66123120143892,-55.877540528456095
438,-5691.177561115056,-10.000270757921912,5.536843231895567,-51.20908249128213
439,1521.5774284798058,21.571121840514973,6.478827238004576,64.89649563587972
440,-11955.270339815335,43.61895677735106,11.045100634752652,58.24563872625112
441,-1467.1488929490151,-9.31123282546424,5.287860318842478,-7.271898154211982
442,-14114.474412004378,37.43677893125451,10.331900119072596,12.086635187614617
443,-12754.245341360733,26.71017482970248,7.323343416301776,-30.92201145660079
444,-12887.3194788314,-4.52277664488398,25.94491231237156,-29.34081240643602
445,-1650.127561203397,13.620559513925407,14.709076562334978,2.763956162465133
446,-61510.70627981358,35.66988081250662,27.802301335649396,-106.54688801291606
447,10736.607687933703,-5.878397368084913,20.205677054933247,31.70171901470538
448,-14267.508758696156,40.02436383440754,17.289434846658438,19.639579805663576
449,-56060.53860414848,39.2432899292175,19.86107445720458,-104.081558287543
450,-8943.398097454423,37.37497991719242,26.885787754178057,17.857581015040587
451,-16236.507740163275,37.96819432607988,7.306353545327903,18.041837389453452
452,736.4499721619317,-4.7758981115725785,5.232282754314729,10.34088694405532
453,16398.7858452005,-9.17336195445359,14.355433618146485,72.82090190466451
454,-37475.18355378289,40.26180464920034,8.733777860214634,-127.98891107135552
455,26157.391564961672,2.029053256142131,25.091963272730315,61.58042683336463
456,-13895.423314850144,34.615902214688035,6.486276035333542,8.36700471273315
457,-5744.768946126625,44.58997313559175,24.63091443110904,46.28958505825764
458,-6420.661339991609,31.87149218429273,8.582743795524479,42.67431768261149
459,-331.4290204044096,6.860084603635087,11.693318027036351,1.759937834353407
460,-26620.74194651132,,22.404706525616756,-10.307503192870715
461,1826.92911558816,25.518143013023927,27.52466160924398,22.93821149595949
462,14440.21029540546,-10.8019205212844,24.26810041659533,37.88898471611808
463,-14724.03417169442,31.50088259022852,6.562152576422211,-44.06410605334058
464,24356.39219712809,40.74516836443182,18.248119078676424,148.66470990764952
465,-12780.337262645751,9.51952309932036,6.911358640488798,-95.46114544481344
466,-8452.124991421635,23.14991186061848,21.593439201708467,-4.905661709448575
467,6553.869553510065,33.370672916410015,20.44185776860457,61.50227082851292
468,-11389.130629636702,35.10026855619314,15.437124169137698,15.195341971811674
469,-10295.091930187724,17.60200730098084,17.09784789502931,-21.691122130023448
470,1747.3313781283523,6.308876238461554,6.385246806103931,21.182367374237124
471,16312.643867356244,-9.300268389563747,14.124527496906012,69.04802090313012
472,-534.4465724056267,7.421105435461438,20.238175810217037,0.9464278695922994
473,-16309.882916302337,3.626510180403624,17.01729488862584,-53.976769563757344
474,-12431.251362431189,27.16214108467531,17.6324938927988,-8.36590651726326
475,-28846.00531455732,8.009780198207515,24.051278534017356,-69.6596260230971
476,-43914.94018373296,28.526478127047096,24.75151419275149,-85.73217292286917
477,-5199.615591075493,27.530152115538808,22.22925776000355,12.176143225621498
478,-8184.306952862656,22.099643019110957,9.964302421295091,-12.99651867055239
479,-19691.271222496707,16.72929850605576,,-64.14074648021014
480,-642.2874022379926,16.922913121141217,25.144667593368627,8.018721245678275
481,-16654.83060129846,43.60479656865414,,30.324844628904664
482,-8252.267112245208,-6.626566745863447,12.10430748483716,-44.6215315737322
483,-2442.330679849889,8.843749058304223,8.455279479895074,-9.02399171925646
484,-45091.02833984238,25.31604223627038,28.16169096745456,-79.57523098328555
485,368.100562859433,36.37753873703711,13.22832609479302,74.64294085347996
486,,41.90177234504149,11.28520454910775,47.33576180920569
487,-12666.25114731347,14.936458942335696,11.189860351768218,-57.42692637915504
488,-30715.829593177164,-2.058137301130504,22.129405294277547,-83.20907370519684
489,3524.104992230194,-11.269010588898375,22.229446905749505,12.63749617432411
490,-2995.557651002792,,28.788722364770223,-6.727324501469498
491,16940.744384829657,5.875352690901035,11.44288824898674,81.15587937934778
492,-23260.242488011743,36.08360000780874,16.62609369058611,-22.354897748980267
493,8295.664350976584,-14.160804840780932,19.64852783790113,29.32751768010048
494,9696.837858573252,-8.660721950401875,24.933283214592727,26.747227438459237
495,-22450.55029027967,45.25818530361612,10.925563500323392,0.7819108942269706
496,-12575.882984147112,45.24834661699008,6.95945689535736,93.83037244721618
497,-34124.8179469845,38.22179950766184,16.722480821556296,-51.21327698689628
498,-17958.782669893626,-9.720531026278708,14.43937327123314,-71.6850179814675
499,-19432.8549655545,41.84195408516152,16.897307982094368,5.512978839813563
500,24371.521939645223,18.901950411509457,21.489763904854,82.35467999096498
501,-34304.486771416654,18.26667606171031,15.4638260114733,-104.36574485214994
502,-30401.564911759506,41.39016197618929,18.57207010875862,-32.510188797597806
503,-11115.990047974045,39.69091271378444,27.57079470716803,19.24966526491213
504,-6703.004561494459,16.370458252557995,10.1504539863261,-19.31057110018842
505,6836.4042086705895,12.215868277401244,13.211035760594743,40.55332685821752
506,-31122.89426894613,44.254040334496665,7.142111060011275,-51.58046537306125
507,-6441.862846728072,26.421330515115034,7.218280816182508,16.096542855554546
508,10524.76351937764,18.73557990148471,22.30724994249281,42.666763331218974
509,-16378.939024624664,19.961456006616626,23.7978030637694,-27.15112838492698
510,7807.043979639207,-9.03689945365183,16.86855465497639,29.2039498925495
511,6357.892249024397,7.321795993055794,7.67117925387892,53.59122044377382
512,-16184.5856315185,36.90909169837784,7.212552064690893,2.22576424658953
513,-2096.418392620941,15.46797945918755,12.26249688723786,4.687510567872389
514,14020.744345267023,5.700779869844308,13.981321314014764,65.15337427378519
515,17373.2299753842,7.649350174799814,25.925860960280517,44.14965764287047
516,-23475.06510205055,34.97310359939517,21.517868451595238,-20.07742140349889
517,-7011.91641361165,20.949624500586427,22.143140326018337,-2.6778780649002307
518,-34774.91715424764,-12.190538858398757,27.454308156354845,-76.3986290157273
519,-2612.294899140027,30.308208445604446,25.734431126583303,21.10088718931213
520,10296.282515855744,9.977936711033728,9.926808814962836,67.24769951574139
521,,16.69002269481451,21.775920959036767,18.695032833647687
522,-12408.536139690055,26.69228438535563,15.497237230459628,-13.315534254484714
523,-1852.459413909068,-4.018523914432503,7.933962776256193,-14.250044188913364
524,264.8242766109197,3.103428829339535,17.603821439782706,1.442027030331034
525,37986.03270913966,-12.265085854435032,28.24495981391993,82.9525425010764
526,,19.36824312358596,12.108257145271152,64.77678879452789
527,-1457.0947244405247,36.37534707145046,20.58803946906933,44.25998446851844
528,22196.61258154133,-5.337300569042089,22.01686883852537,57.04525262069318
529,33880.209846704136,4.712712321627652,24.042172092220035,
530,-13843.456901774916,32.3829927653134,14.768901831732636,-2.976602579856099
531,-57227.863491845295,40.18606755083002,16.07376900467441,-136.32567254536218
532,-10297.371373071292,-0.8544616455308027,27.14421162971622,-23.90570923139404
533,-6077.127876265985,27.80324968255596,13.443425165282424,15.625160079598574
534,-2770.552418397044,-8.929615636735935,23.309109553870677,-6.670548041085999
535,-107.30639131383477,11.417103018431323,7.746317960314734,12.017272321793651
536,8853.795987703956,-5.274222054829464,10.569774412635798,55.843398573183066
537,-11673.70487191966,21.49281976016421,6.279198111237425,-71.71246625326216
538,-2948.1348897659664,-14.154712165023074,26.71521707870331,-3.184609458349573
539,-19709.617449965182,28.81430644128677,7.022108807107045,-73.52264961347834
540,-15687.651916221554,8.543743845274147,27.88376056788513,-31.58358233836034
541,-22455.232288728712,-12.32245103396546,15.625062272106634,-74.58591238445885
542,-37019.56769659712,39.27184290193422,22.772019059724244,-45.19316335098242
543,16062.709165601578,3.1751508032618325,28.69061922827272,38.05120286484283
544,-3820.1951490610495,37.65654302415943,26.91108718536749,32.11439881788621
545,-7630.187206862008,7.664855592069305,16.329742359873983,-25.74322375566497
546,,14.350251981788908,23.956753074130404,-87.35433131608931
547,-37382.56275733011,22.256618305236294,19.233074523821976,-93.4713252887178
548,-8476.907460073959,22.074422520965022,6.625546279198363,-25.593371619781724
549,-31870.7987525507,39.14846035492511,20.61572494466502,-36.6051640672962
550,25449.48516631011,-5.181177662627601,22.91893319560728,67.70045074246283
551,-3871.0676296192833,-11.23502345669931,25.392505533704064,-7.799949758497201
552,-17960.336236073912,-9.036556144193913,17.657902158930334,-57.74117465868697
553,-23062.85662183026,42.39036128310107,12.677770608850505,-9.260662787437674
554,-12750.063176685731,27.569736323651732,19.29624518249758,-6.514521696573732
555,8023.190172884593,28.54542049881989,20.73069594108796,53.39546232837667
556,-9426.92666995458,-13.595550928749512,14.297139322907704,
557,-22003.36720650273,43.11550703078301,14.294537962227292,8.540614589003928
558,-28881.94192016193,3.2756325267363025,16.248814787382084,-101.722867116322
559,3325.742236918998,12.923951666594366,8.602364544807799,38.79125040743013
560,1457.7766833639685,7.773902081100044,23.20167446295757,6.418578139660301
561,4917.49007563502,5.183542501404428,22.93214619294504,14.59178711796518
562,5005.110037167907,18.126440496795208,12.520562725949748,44.71895722317697
563,-48129.16626705218,39.236506031690254,28.54683109405249,-61.34915819717827
564,-3357.882617449552,-3.2713506899030342,7.303348197965202,-27.711482018141957
565,-2114.3516920477277,8.157769442487812,7.801204271852937,-9.962880861961832
566,-2604.2462373343037,-4.899200586975256,10.294435382832752,-15.471953263428611
567,-27147.621126122347,44.903615611310855,26.5530797423901,-8.242494187925674
568,-3728.5906502071552,40.27443897199808,10.290419486923504,92.05613329653822
569,-16950.61214624756,39.362614221651086,6.719029952899552,10.704313542752748
570,-311.81179251607466,13.653572839469255,19.385463617232094,7.01364589304959
571,5007.432389016151,11.666395471222692,21.363204079491723,19.992616102823614
572,-6688.156935811675,16.25272816453265,5.27850310768393,-41.87881323584038
573,-43540.137466243694,27.22373623065196,29.018418679199577,-74.39722682683386
574,-29026.473109057435,36.10419754195206,18.516378644130214,-38.669733545404526
575,-1327.6110921046773,20.888573980336385,5.871190512652105,39.93803300590525
576,6547.131184974218,-6.555405433586375,25.47090067139737,15.592844134842156
577,-4940.914409931844,15.19027920868685,23.09320268923765,-5.608316103773149
578,9078.587165747858,13.24327317110123,14.830961853387429,45.55964036576721
579,-15297.648940627188,-11.236201108858593,26.236757324699877,-35.01307833347872
580,-20210.490327918003,43.93649412380806,15.541817399402015,
581,-18693.889929013894,33.031728903744835,10.120727707613227,-24.27233155633064
582,-10154.549496571906,31.83558396489621,9.252681618282866,11.821513334092764
583,13149.622786620248,-3.2602617061995804,23.05288685688116,35.65902621058376
584,31294.69558342527,9.872866682503789,20.288563036272784,98.21943371580308
585,-1512.978700004095,27.884968115971255,11.249584943248957,43.30058510170258
586,22543.52755764913,17.12263629929269,22.2064361886652,68.91476310050544
587,2122.318674526161,14.394441150906168,21.43924390116876,14.308299173951006
588,6845.3233971667305,-14.223849733565883,13.71375504544872,38.11114882864288
589,11010.14837983644,-13.248872833643262,17.607763616328917,45.193646430903215
590,-12665.615424023055,31.338924472257435,7.206701448010726,-1.0353382952576196
591,-4567.513183864483,42.89271529705286,15.277930806524346,69.70358872525193
592,-19423.939052997743,37.08916417171365,22.799872901304603,-7.93233480293102
593,-3648.0357884036266,0.5406379562500465,5.337049658802297,-41.910894848368144
594,95.83617909164336,6.559591856593901,9.606795685043451,4.31136178146771
595,7007.966594628924,41.542097861477686,21.887404996377807,79.45161040822532
596,-1992.7502098015177,15.302126005840416,6.992548633725588,9.5661214372541
597,3735.2339950978567,-3.986387757047181,9.571985945522286,23.259754028369883
598,809.8465316710428,-3.747537046182256,11.465310767581853,4.448641356179202
599,-29680.50066201831,-6.397921319878792,20.26694953759761,-85.83004184573174
600,59843.37367902395,8.943388204420444,28.585129928294062,124.00288312079016
601,-7591.719959407757,41.46479406712754,10.75197548801539,73.75767859150534
602,-17089.440969304655,-6.677035234094123,12.509832016443807,-83.87733248971675
603,-15848.218684428331,40.4722429988426,7.136260669012788,31.45005308662836
604,-35385.78491523615,18.037622562832897,21.24131749611868,-80.8999663312949
605,174.79383517754923,23.904281100786346,19.74112446133292,23.11020634414044
606,-9502.975252659007,8.799282220091296,15.635944528486249,
607,-19497.862362516225,41.01265558833758,19.894344184058237,11.35996658837328
608,10144.826610467377,29.151661951447945,15.974954113758034,79.53799188307735
609,-2115.342941968354,26.35387559835191,4.75931261078498,77.41593017937336
610,-27599.729859006195,43.66022647206008,17.50854745455033,-16.631925817491258
611,-41043.3398389938,44.92979471078755,28.306217316532315,-28.493242943613648
612,1016.6571049160802,-9.26117577857725,9.986007106161736,9.955256255282716
613,-5072.709106834844,14.29721461888122,24.08049472911753,
614,8492.769056397388,-10.33705527002602,21.67220684706766,27.0887014842616
615,-262.556464240248,17.58190867500907,21.26672609210728,11.163851622804923
616,5075.14651071507,17.45720270891793,17.02182091912091,31.902875796234493
617,-9885.250363365229,-13.57261259573882,12.84534393742519,-35.567364227390414
618,-11721.785950129302,23.58481522712121,22.521172356844502,-10.475430614308284
619,-28760.600718017155,25.352421967184,20.07464897637957,-60.94607809079314
620,,8.034287975898977,6.899817757486394,35.990735547830525
621,-12806.722474612076,-7.9145344018343184,18.6330682335994,-40.09274328786944
622,9520.595471889765,15.09437750741435,14.961372284747146,50.82606812383622
623,-8401.008060510227,22.13810483019368,19.18025902659433,-7.616230504995872
624,1062.3407408652588,11.78484486163211,16.08333431129093,11.242541902545314
625,2573.214729473992,17.37009324694535,24.32436892218744,16.05908525100209
626,-40744.883445113,39.414854106230095,24.199686021140096,-51.97177734598078
627,-18482.4755421615,37.757099032703024,20.756502582351256,-3.379032088880193
628,-23653.427752911117,-6.133312860702706,24.038646800983464,-58.68533164681925
629,10505.84101561634,11.70808085845977,28.38798167151012,24.960067299827152
630,-28428.532915537515,40.815224955427794,7.064126541214234,-64.4340280351937
631,-27578.971465215796,6.901928312868854,14.750512594213168,-110.22971978880624
632,56.33296647515945,2.464043542528998,4.838017351143511,1.567049746887462
633,25.927033211778053,21.708896354251877,7.518981742396052,45.87966203455338
634,-17091.848884509745,6.84514032431958,27.753439140246208,-34.377026337747864
635,-7166.18734059207,-8.740674259697464,10.161021528285351,-39.04345270993004
636,4176.7755137041,25.47644559233208,21.52254313461564,35.33521058132707
637,9789.276607972412,44.16933040371765,27.173402283841053,75.75208252267647
638,-4678.211284734661,7.085627747015739,20.77949612110496,-12.25457561399958
639,-31500.791837525907,15.170878370935732,15.579404355087709,-108.35333379336936
640,-15413.607961211304,35.92957033682157,6.285715294748662,-13.67120909243079
641,-25237.42428611412,7.749645946108828,20.85492146509593,-68.8651958570995
642,-7895.007291921455,12.389066002046516,18.24733951002649,-21.37228461205609
643,-14085.666241340296,27.36059311177073,6.070757387098495,-44.07469274673787
644,-30929.48660366176,9.194181065712293,22.10849024997937,-77.24687572008783
645,10431.57440360547,-10.911034648101474,23.73049401789575,27.89426878391726
646,-7829.434469621318,25.822452262639437,12.16600763422571,0.9149037027328344
647,63140.11427393591,21.316626043912816,24.15310134420269,170.01778157407577
648,30781.764417052324,-10.361697836880436,28.10446375555081,73.04276184599628
649,-31026.40106394488,41.527261235146725,14.001091486249743,-38.361501810546486
650,-10670.42021880225,30.41221464449184,18.15709757416502,1.1410178786906835
651,-17763.558839389992,39.004665214991206,4.878547270393474,-3.78910043203132
652,5385.274449072933,-12.261692773703473,25.74327006853821,17.06312735675177
653,-18776.141562857312,43.23476178031514,20.02818903925361,6.418881041545292
654,59180.37915030703,26.12829493021912,27.200713758274183,150.74341499301028
655,-21462.311090446343,40.00260621683722,23.34179439416404,-4.626636851957324
656,5768.103424777099,25.107259492531792,9.726749057557516,83.12725015735502
657,-24301.58001333816,43.960597327120325,7.485039682841155,-0.0186841683638636
658,-15936.761409914949,39.62830200094695,25.170520360364502,9.594080251962671
659,1789.774180946916,32.8564696729178,20.884914571373542,44.68471028865997
660,-2302.427739708101,3.5188029046583864,11.335725252423998,-10.654191621153725
661,-17185.349514677495,19.14407434891682,21.500562341499844,-31.31059040474353
662,-8872.00052327212,17.44924336475527,25.327399641979376,-11.929159158999044
663,-23485.859264170624,43.62853977296878,,-13.52137965277689
664,-10950.49078964534,2.070803132581087,16.980769671552256,-36.9434495696011
665,14793.07254757154,9.034728104846389,20.1114382022485,48.20930651228196
666,-30747.28280580464,20.088928018367792,26.990802428944438,-49.77537723713812
667,-607.5210002455862,27.78050443210265,13.511014691202837,39.99266592330325
668,-465.10230208597386,-6.188038337637073,16.053126168110133,-1.1517464371474857
669,18148.49671106593,6.653745050914644,27.10605622613109,48.94324726619668
670,-4412.592377652413,19.516078639730456,6.8317366712019965,2.9244875244232764
671,-4827.761632747461,20.410628823667484,11.334575231896189,3.1226541079765715
672,-10055.79305141126,-8.436713401701988,23.80215041365004,-23.82146802641623
673,-883.5971649314605,4.614626771758992,8.043574189433484,-3.657104973753457
674,2417.6982651472003,10.047302131536345,4.824169261438955,
675,26558.96884109085,6.144185733454538,17.652567618205484,90.8796823935816
676,-47920.69407783888,19.220336894831224,26.99675886614683,-88.95841635368502
677,15419.957126052994,24.086502039674425,28.92843531349584,47.90055781036556
678,-20262.04636498197,38.92513859075156,7.506443270157493,-2.152933959062656
679,-2157.8640778116483,27.02389900663911,19.928167926591065,21.34749718910613
680,1752.7291914205211,25.487947905440983,11.940037766806531,48.92459173328713
681,3228.4788606624647,2.8135024342499086,13.821968096326591,14.131135953097472
682,-21839.9272812169,37.54890131806437,5.704600649326781,-57.774876461391855
683,30724.1281342762,-3.747716115235266,27.639737520777764,69.7469417485299
684,-7501.431926178665,-8.560481222280991,18.8389901620109,-20.79895868310905
685,-25163.836090145665,23.27121853293437,26.402751666832728,-42.730277842652285
686,-13488.116130535887,33.9734251287388,9.01918500196046,
687,-27148.972006798223,40.213964486059055,11.732641595696274,-46.40409371288058
688,57841.573046366735,-1.3182336891626465,26.8253822445294,126.47155355338208
689,3045.358487280292,19.198188736928035,27.54288714242799,
690,-3441.377864328038,-12.617089499600546,8.280645004249692,-14.519503317238597
691,6085.230285618587,-0.334013862316997,6.671624348396781,58.0662818877958
692,-7858.519953246294,0.583573209993073,13.15174111749103,-37.15528642312452
693,-29929.084655639297,32.20394499100858,16.611148615859953,-57.90910582535078
694,-12184.230917519026,23.12326071046039,23.40625328939692,-14.148778453198958
695,-2871.755793313804,32.97883713286076,17.894629416961976,35.86388433529801
696,11999.068652483184,27.79429284704295,12.525512728972473,101.00923102671406
697,407.6953475834068,-13.074273914898209,12.991609471901729,8.928659878139824
698,5482.431864660203,18.77905114216305,13.801023387313164,43.10364160150301
699,2625.957485643,26.459279328761905,17.441271155183948,40.16583036038344
700,-1006.4254462750628,7.460160750468869,6.853299055139278,-2.084950030612667
701,-6829.966341540145,29.830382142060177,6.347712097445577,41.833670258421705
702,-9372.741811639928,9.71318106676286,8.97559791034368,-53.85816425960749
703,6459.08408373287,-4.323423481508131,10.982210700798628,36.09135447564745
704,29795.392147916547,0.9026099736558136,27.54312764952645,64.8934872345981
705,4223.553936485835,0.1473087790943861,10.710248423378662,21.772700365187607
706,-8738.724297410261,-5.094082815487296,16.135999033423225,-32.650401582533746
707,5817.837194878567,-5.192423678074114,14.563839840343316,24.15259061605411
708,26025.912448617262,17.55582504390802,28.002133940121222,61.86861475533623
709,-9040.40388180328,31.829567500740414,26.731046345289517,9.87312187605434
710,9333.974287410356,5.277236296834374,20.18702727378208,28.903206414563414
711,-48065.70514418978,39.25785210314076,21.48754416031053,-87.47584433004192
712,-12340.323477315944,11.563453044856663,21.54986741168409,-28.72669924542416
713,-22130.09219331016,37.22040974775773,21.490515358469217,-15.758594137289972
714,21288.035211698487,38.87650221727664,23.52509402979697,103.38770583101191
715,3336.711672400697,27.18627828178233,,58.66942437564147
716,-6470.608597935953,39.5160967230389,16.950573406963073,45.29217272743507
717,6406.244482724464,-0.5468414526060243,5.882910148039702,59.11929266513644
718,-28585.31659826091,0.938772763322886,17.55051946680927,-96.18822222065324
719,17065.81314828688,6.917061744626892,17.33279894272093,65.31824665683138
720,-4447.179202231404,10.107515488949058,9.374043553678536,-19.04330132881469
721,-7981.866764719079,33.38060063888996,9.93799031185813,30.698613596559284
722,135.04365031970949,-12.317813956169797,14.49585604952905,5.864274573971464
723,-36815.39310523905,41.361029226356905,20.11103887345124,-47.43009068716381
724,2019.1802890779013,-11.893222072078425,27.27806276230571,6.251959489363587
725,-24880.23081750776,35.081528686843,12.547306578900738,-49.63746531673692
726,-16785.706483897924,37.65762895915502,19.41287254068515,
727,7194.209751127893,-6.49945985679304,26.489019828848843,17.218664151577393
728,5200.356638835565,8.209202710507832,17.626697455355654,20.00306109896087
729,-3775.5451388229462,14.651498723008933,5.866314195984332,-9.842275223326473
730,-43373.10726433528,14.495944940073318,27.66684786178484,-87.54455639170548
731,-38712.75834377771,28.951729719069693,26.552433590369564,-59.5916219094506
732,-28406.207395281595,12.248913075731227,24.32185002568116,-63.534140566710576
733,-7704.74265424125,,5.597047420017524,-24.240995042224945
734,-2634.562156843609,-6.375541047169042,17.733735287888297,-9.50967979002997
735,-9681.492033540704,23.05988782138058,10.053507502344145,-21.82348776883137
736,-16612.356461148665,41.50631081003175,20.1902405692468,15.807225975757875
737,-13596.519530528514,29.17082376702841,25.537854069304657,-4.454854865221726
738,6508.321313758859,25.06603337881741,17.941560486409212,49.067861036063306
739,,-13.674102400206277,18.16325672925177,118.24667829644356
740,-53885.24948506799,36.246386912369005,21.09892000031944,-111.52754005929044
741,-6865.56546214606,1.245682252896458,5.081729728481229,-84.03646451772275
742,-9516.885250098394,29.59224711740369,20.09823461179253,3.074262416959369
743,5690.795710940376,-10.744883032821257,18.526988654166168,21.817590050863014
744,-31850.364563779796,42.51710676603763,27.72280888783534,-23.171958394220816
745,-22039.22399921021,43.53935743711888,7.002941264858194,-0.3533430651797147
746,-11396.568250643368,34.51496366758876,13.220488482114838,15.848730969082183
747,3839.8471068860063,34.46161168294195,25.28754977347469,45.772672319577566
748,28513.01783259339,-1.4859014116552949,,79.20498039300242
749,-22530.53340141216,44.54692700454817,5.184388148237324,-5.311021652976287
750,2264.6297022381086,-1.7233701050023225,28.507590025252817,4.368856047525549
751,11599.6322518286,-3.533437835382258,10.018877685809027,67.0196370766256
752,-16360.227690789996,17.79384009304051,15.17939884569468,-54.04289432608772
753,-26386.358513282816,37.94049571713104,14.327432864382258,-32.237931375000684
754,-6946.413756167663,8.737228045484592,28.034173412442964,-12.25789787692728
755,9404.88285008522,34.83858300973871,15.40698409004448,96.63737994276327
756,-28438.96798062904,43.15246863674419,17.775797835905067,-15.678894361102945
757,16815.758511379438,-8.992196748300671,18.194959094965636,56.93871695113488
758,-7843.626168027803,17.438759252358512,10.342381572160171,-27.549853656974797
759,-22637.60102555701,28.347228621636024,14.877306150390128,-51.08209349690604
760,1039.0563998093205,-4.9128424385325005,8.600008773858251,7.721031543300401
761,-3810.734834837645,20.94058813986327,25.25554024022161,4.503892020634664
762,-12722.805712819953,19.964342870981024,19.40809503255236,-27.95831571088816
763,1549.367968879615,32.94483971920616,25.860349673840066,36.0852679183264
764,-16490.581946293853,-7.604709682103273,20.60288808783388,-48.10713473002531
765,-14719.51805027562,45.167040572323145,6.705624047732155,75.19639260421712
766,13886.954174406044,24.70256334549537,24.94070517180409,54.01782932596245
767,-14389.386734696058,42.78283180422757,24.75593529243088,18.03616354705313
768,4774.499523438899,3.360804919866709,22.784282265073514,12.813918436818856
769,-6882.7730689839245,42.52402969891301,17.39880798534447,51.86429827356511
770,-3895.1121585777846,10.984021715162797,7.31277112262577,-18.509284474377168
771,-792.1407570194153,15.11849634445861,17.96597484451833,7.756860878827592
772,-16301.933872694452,27.261417414366907,20.648609745123643,-21.116397904235253
773,-28009.570273122292,-10.18196312802521,22.65306375378004,-68.99827671618813
774,-38574.85348995113,43.63783044998184,19.228509432063213,-39.35103573779699
775,20812.65031166296,26.05062214630569,22.156310715344592,80.72406562420683
776,-3768.8959341107766,3.410699383588653,5.8142457566134365,-36.90800651412978
777,-31045.488125805343,26.83648985834204,28.06787746993601,-44.858130924267286
778,-9704.29635736278,32.58285639165753,8.354631104486607,24.97311413369503
779,-10710.704487232537,4.275007040478307,28.21132299087846,-23.83971391108824
780,-7797.668611307198,12.497809519808936,22.38404695543984,-15.042728513587736
781,-6029.048315410726,-13.575495064700313,7.293116234058578,-33.81918364618703
782,4554.971496627853,-7.034854808295547,16.819267550036457,17.18475890824147
783,6263.571152565022,,19.129773766176072,27.707242657320297
784,48771.85231697572,5.700812866089088,27.35936016285868,110.92416031042742
785,630.4249264743272,-7.788449353590025,11.788619975086966,5.2705143576196285
786,33549.59035774765,20.318398501835727,22.48170137713332,106.04565851796356
787,18642.050241514076,13.581085112786456,19.0874949036343,68.2196389894374
788,52267.30999032381,10.620465816119644,28.68520796502371,108.49305750234576
789,-3489.1421713641503,,25.51790929899712,-9.102785835493515
790,-24740.396206789228,41.73903103751317,9.128555208531022,-18.529200329366187
791,,19.6164076669358,14.430424222574237,-11.964516331369094
792,-4417.01253054158,-12.298653963861746,26.65340088157738,-8.073986732344432
793,14731.211439058685,6.7792688996481765,22.138795558661865,43.61701497470534
794,-10271.95964159747,27.47923285624358,5.367502581598527,-13.107259154372716
795,2574.44933203098,-1.9155124791287608,11.349067302401224,13.950309900958064
796,13548.806924596174,10.430343026207971,15.881574352515583,55.6543969985858
797,-14539.69368041449,-12.58783640158591,,-33.937570986420795
798,-20384.186368479037,32.995742467185664,9.335383051372736,-46.3822633512891
799,12581.568576186206,1.8139312340640397,22.44393111798697,30.43606106414619
800,-21101.496017993035,34.37572233164586,12.449388848330187,-25.98148073782254
801,-12436.601049273757,45.269364254854366,7.790146858510971,91.8111240451252
802,23217.4732138623,24.47516221039678,21.040321527904972,90.51828691955676
803,,10.76895663469594,27.76978436612237,-8.858150695706158
804,-5907.290565930774,36.6446467411552,22.30518351824087,29.90899826676528
805,-30187.0852350398,13.581841360466132,27.791144864080525,-56.17544375275391
806,-7193.368908840628,41.55638408708147,11.57338251638725,67.84136700388254
807,-5149.168592448594,35.594142741836535,9.016931255880683,67.476578350925
808,11603.471330594108,5.958696040111931,11.638140681197855,59.27265850071507
809,-29666.27191571103,37.18362184716153,7.458633916146109,-103.42802355800173
810,-38214.2815745032,38.058575903625695,21.462209045265148,-47.38691789635347
811,16450.072457086488,34.71992093964829,16.97469177257676,115.22828738790452
812,-1749.5325141928536,20.09981978266933,5.463416536879099,35.63012332141618
813,-22801.479475528373,38.62308107095778,5.907095619361243,-38.043885232858415
814,-60824.73313044315,44.23407580605495,23.06147183758165,-82.60189220109596
815,-5216.093411311905,-5.857867429624157,9.351702764569849,-28.892699592469626
816,-10367.449000943629,27.77651493654663,8.742479082308094,-11.28659198070585
817,-15516.30734281631,43.43586927571414,7.586396839336016,
818,12623.412651189832,-11.616663384404944,21.89616452168413,39.80529541848245
819,-4261.81242449101,12.396949262795644,12.764901679345693,-11.358803278207985
820,14055.894270661329,-7.752289637748914,20.21728778180259,45.00547440630172
821,-24013.13545558609,36.48366787566425,19.408947198060822,-22.97191742245343
822,18214.430255284373,-10.998729068273397,25.5215753244871,45.74541588693246
823,-8836.631663295388,,8.380771603415123,-49.47683593954265
824,-6518.217643278685,-10.935657023380122,10.275235386902231,-31.07778392400393
825,-8887.67629357907,42.653675221466216,10.049433660930514,76.90064677586331
826,-8765.82875378856,39.79763550987211,20.51416618138666,33.46150576941183
827,-4349.230484707498,13.830340435326182,7.279623128584139,-15.15533966992529
828,-18588.60228096727,-8.39920333678044,22.067995107359927,-51.64059229852411
829,-35769.607985735645,39.082272420416686,18.50893063151647,-59.22201698130833
830,-21165.3915791807,32.596261534493166,18.401721518894902,-28.085386316424465
831,-31730.49769572673,34.89858493024259,18.2799956251362,-54.12340369242776
832,-31282.412598599687,44.97111519426021,15.105834398468415,-28.019012517484203
833,-12232.836676973997,-10.71423322756882,19.489195927628145,-34.932919992494305
834,-2597.47626676779,0.0825046349133362,17.48974326727875,-8.866414731521028
835,15509.865706382208,8.910479681239678,19.165878094812832,51.50314365371614
836,12522.163787537746,-8.432024869367055,18.0918014398216,41.33502779706478
837,10612.832819806106,25.039495424838915,26.059582189776005,43.81384333149138
838,-40188.840447940405,37.79247379475756,22.5613493922145,-61.057740441486615
839,4268.89255449746,-4.288667335097289,9.440898372458737,23.088441666707784
840,-24355.47315794924,17.07572464158409,27.251741304790464,-42.47357421621104
841,-42958.79291134249,32.591317095088854,28.195448474873544,-61.312450305568575
842,7382.843479442193,5.036773351669453,17.944213390821282,26.917696048329876
843,-21387.70352625937,37.30261499207722,27.073706169404677,-7.003461932133961
844,-13721.050094432005,45.3171492613519,21.84838232645728,33.491543300135774
845,2398.5356245152734,24.0128934658496,24.240921544958148,
846,-15204.619529505078,-3.2501977805515008,11.314472866407108,-78.30230365513036
847,-31183.51102664454,42.68664128612541,5.89951601248989,-94.12807581333638
848,3718.280695038919,-7.4212168761361745,21.26677612746045,11.65334363337703
849,36482.20359229922,27.67136952802008,21.14031116705933,133.97406205513474
850,-26770.872681067136,23.91827973503268,12.871764425854987,-86.7943123294742
851,-22603.03649785273,18.796538631275137,27.063615389694785,-41.35294177333205
852,-27337.31218027492,15.644162224780183,11.050325033928718,-119.5133688759706
853,4707.814684116411,-9.899635058384098,21.163815039125147,15.333450558831396
854,14041.189956956738,-11.15516970083987,23.747664384097718,37.431825390971085
855,-2274.355756949149,-11.13856991660544,6.17118866665788,-11.220005289797786
856,-29667.540170982607,1.3377176885599606,26.688129205148964,-64.22304332029942
857,-10395.754120811796,4.150978497607429,17.056840671935312,-38.04892504519903
858,-24167.8748457997,31.42447298956588,17.285467890121417,-45.67261688373689
859,-20041.67890456668,41.92998630324514,6.061532975511216,18.678873319120136
860,-23731.46943791049,34.86958822263404,19.3910386443665,-27.952534284181308
861,-31447.502086911485,44.49650752828393,15.667182214463292,-19.481088885680744
862,-12633.383504458006,-9.16420249646082,26.114374407495664,-28.15169582927804
863,-33887.598966763966,-1.7530605754747377,23.572637759075985,-81.15568339050445
864,-1938.1871750902171,14.751319062364129,6.386288212127813,5.894195389342047
865,-15359.351222214716,31.227960603134203,18.29203639173396,-8.8729240840887
866,-29080.74493860788,43.176602941064885,14.903220081420091,-29.23820425270731
867,,33.071850842378865,8.41057346323579,-30.19181283347644
868,-2184.5766729643365,32.695742590226686,21.25672647806953,31.766654274864987
869,-2434.4178335094216,23.98130960716284,21.999639002768077,14.014179291233576
870,-28331.875495094017,42.79631882844548,14.797509425571205,-22.842377226186453
871,,30.58822893279672,9.563325076704832,55.11190182477878
872,-24387.78145045059,38.82128949218736,13.30029226661546,-25.98091354739544
873,-12124.565158461057,18.77677368716795,12.01225456344007,-37.37146850230856
874,18958.78118722651,14.293921562910477,15.949387926283494,88.00398533366489
875,4304.631758009756,26.767453679522216,7.1267952262270144,109.18621128976898
876,-20437.89933111992,-14.054508967479991,25.44977358749605,-47.3779219231871
877,-12470.492794272132,7.9757317785913315,17.665323782164158,-42.06141885749339
878,,14.325759015291144,26.013526814309092,-10.213882176799968
879,2258.1499036749938,-3.0230511222699388,8.825987708868956,16.251706673113283
880,2770.0908979909987,-10.316890535137023,14.436906061248507,15.04007570148634
881,4712.131309531491,-7.066979607750845,9.982366642947795,32.58613298989712
882,28616.979546929808,-11.248312288540586,27.296951717181344,63.90054492539717
883,-14771.147692632583,37.18466430215595,5.983237584405415,24.831682743883466
884,13897.323054090177,22.45866095654664,22.55256578962502,54.91440766208282
885,-26861.16657400932,26.88080628311508,8.737735801793788,-145.14823872056874
886,-22451.81421550897,33.19786588421874,22.744804830893912,-24.001044170461757
887,-4974.558253425138,42.74533351478516,20.82632778503936,51.26132065959557
888,-26164.58279923081,28.928789106715172,23.693070018757982,-38.27434027172255
889,7479.790521661145,-12.47337478281734,9.564643996146756,53.25188945360803
890,5466.18071508996,-7.910945590206048,5.6183440467886685,65.49522639703066
891,-6487.01096745963,-6.412090731153205,10.627300516278671,
892,-75701.6343102581,43.659701937478815,23.21318285570777,-140.78482054511207
893,19627.292114233856,-6.999320503978918,25.128706916934707,45.91471919920852
894,5529.148179732164,-10.305699394983796,11.555461206478151,29.9135994398434
895,-11631.487563717132,10.764645053318816,26.737015379030524,-23.99746441985325
896,-19624.29467738984,40.20220485462491,5.997520247188088,-38.68375862982484
897,-21960.62685880492,44.25532745349129,7.499109870410328,12.24474531933678
898,-1332.0054260859597,23.03833014017916,8.211260060202978,36.4640637150051
899,-4315.814373090156,33.03187032629371,11.344644061793495,47.84719375103722
900,-20985.22799017917,-0.0433719652602881,14.718403047639798,-89.13116358652108
901,-8938.619300131182,21.81607637830253,7.927404955405494,-24.660262607250708
902,6997.060071835769,-8.997947781102395,12.640600646417584,37.985459319250346
903,-11050.40542529388,30.072507829611958,22.871659819352477,4.039592763295286
904,-5025.796064061123,-11.64136608730806,7.463360936264342,-27.924887697485584
905,-16964.36034327415,37.44345453369658,5.433084113985887,9.478702315052372
906,1172.520586127332,-7.722487139169535,8.067017598273672,12.641684577422328
907,23564.833366690884,-6.582591958290146,22.77222236649649,60.90454546796275
908,25841.47296046551,-7.65861846545301,24.855521059816244,61.866409552732506
909,2389.843546308194,13.945505022351988,22.393377351848027,13.873839875787247
910,-25035.02915936256,36.91332506725497,7.037740530663847,
911,26729.0632591414,15.78162046213012,15.04557001309025,108.97501367460896
912,-3001.327562555114,16.046107799306572,7.045702054480817,1.754501819126407
913,-1355.218409932968,18.061853045187608,15.600803235485996,11.300595182443672
914,-60258.70005848896,41.867971556380525,21.71991819764631,-94.71612247266084
915,12945.73574070854,18.942894019611355,23.93974344032036,43.92848331334272
916,-37603.549791523415,11.522297098136807,23.24541090712247,-95.5682617314686
917,-21463.61806626198,43.0394603346446,11.343216663358312,8.715481026433595
918,-15032.772237853373,-10.57210664875696,21.48846849799201,-44.1273770413499
919,-3150.4676617582163,-11.0798661560739,8.808780810776867,-14.525986769672585
920,-25857.72138451859,17.934144020426746,23.094249252506245,-59.11120967003832
921,-11920.957822189366,25.198347803219324,24.865259712510078,-9.990094075916293
922,1522.4085367489274,18.033933541596493,10.17042967912962,32.46690200921708
923,14938.736538470008,43.79817451431238,26.731457597464413,90.68082517699004
924,-17159.74489751064,42.49691736070278,7.000048987168396,
925,-17537.07739176652,42.773217019450456,23.65322177655645,12.871124180336626
926,-5920.880342291111,3.0742173245899598,14.185840843541603,-24.60283550226484
927,15987.61121652575,10.087413230409656,15.280817624031007,70.89019774784647
928,-3005.837169043604,3.434524376327307,10.439771461500818,-15.912569075870174
929,-4689.291914451339,18.36483434780423,6.504756930583694,-7.554520342125196
930,-5459.875599122213,8.806950044965916,28.46704892953965,-9.169528570641305
931,13960.06504353055,14.290923504960162,26.37909350292632,38.214507713195495
932,2339.8328131704056,-5.5614711595223145,4.847911055909899,31.535543288930672
933,-33062.03232774557,-1.182346859456727,,-70.64157637258012
934,26888.507873803555,0.753354166642195,28.202556800870564,58.7750326250369
935,-8188.002310268754,26.034166259942143,5.471037383022487,0.4705401829232309
936,2622.1228872183947,35.5980794486327,15.556820676186865,69.8763594969429
937,-31109.042013491824,40.63882361922347,12.728228739613789,-50.290228280913496
938,-24009.68322244331,26.924815643936785,20.41171782692735,-45.76201712708581
939,-2372.3378636740204,34.48562616234702,14.22767227186718,51.21994599692216
940,-10888.639181279836,20.33991181886796,20.62957522773779,-15.081418337182171
941,2084.291903245102,-5.140903671513321,12.381168648024744,11.029382828380772
942,-30678.9365475966,24.298097964405876,19.36932002965924,-70.770016255422
943,-3115.986996627058,-3.8806128274750407,9.06510621811345,-19.40386764851875
944,2746.970268388387,-13.94852325643386,11.455015446092684,22.91850720947452
945,-17033.482588394363,27.591300305854705,10.746920155679206,-41.50912346739018
946,31415.872031942945,,21.939426176024604,86.76268582928554
947,3718.847097110483,11.315042902707235,13.280370840174228,25.18439392913329
948,2287.818425707091,-0.0877930320784514,18.3937285857608,6.943286126089467
949,-5979.633813646521,14.244564333712304,26.54019804557017,-7.053887615439431
950,2758.7734747622894,-12.285235199963388,8.518417385066538,29.65260665184845
951,-15223.550988978632,34.85915196761789,20.368974402355484,-0.7140634972970474
952,-8736.243441080545,21.753114549387096,10.811069082177642,-14.31440168282762
953,4780.767656237856,40.34361891106789,15.506293335177276,96.33225609659658
954,-37902.57696028051,21.381616870077973,18.225770755660285,-105.26130072620153
955,-5762.609570113645,-12.643256751014995,24.74406038767161,-10.761575485895596
956,34321.2592034337,6.160334681697496,22.09509449796743,88.86918121923648
957,2858.252041895655,-7.394403329813426,9.32613994062378,21.40807569957496
958,49465.4016151287,-4.303417257202948,25.8244377223153,123.87477444487396
959,-17924.034486891687,30.68964117853181,17.589438868619176,-26.484633134015144
960,3778.3886742977015,18.374543589336454,,48.42050077619042
961,669.9368283637662,27.837876751848288,23.67204278959964,27.379977280636474
962,1464.548583788102,-0.4159824148524187,7.625180229139546,10.177694836214378
963,20781.106843476897,,18.324127077434248,111.053143874515
964,-10337.620509050248,33.38386381519192,13.582536290935462,12.04765100433416
965,-41530.57550792871,0.8119555911490597,20.72269302318909,-114.2996371765778
966,51546.32158566759,12.273807656067746,25.341865049491098,117.18141900773284
967,22119.273216993257,-6.027814770718658,13.069020276433086,111.55064193457326
968,8017.695547741043,4.376891957186601,9.499742060587824,51.93365654061381
969,1487.040032817731,-2.2257842068023503,9.127566434045848,9.9060338102502
970,-6395.354160239496,28.27296807688976,24.8064533463288,
971,-5073.175050583025,41.9601281459004,18.14969543304457,54.62410346957255
972,-14501.488247308143,-4.3927447687627375,26.173784411052328,-34.45455498743425
973,10741.856101672482,4.3434589574045255,8.875367800588968,
974,-25643.116377433624,44.116407292951024,16.223745787107315,-4.147430760026991
975,-6747.164672587733,,23.75855572554243,4.492908604724731
976,3999.3606234022254,11.873448665276516,5.9585556754740425,56.68766101887337
977,23264.1262633672,11.541370104749568,20.277839443865997,80.56271656761042
978,6421.163234884842,-6.180101520591162,17.6659799353127,23.433961097867613
979,-42222.0152937277,12.144165042102134,26.460849790584938,-100.57763682896012
980,27908.856203228326,-2.7270430423502336,19.68810158561176,84.15410722043303
981,2753.642196628288,5.184772655755815,6.4040389141080025,27.58822922654787
982,331.6971518693337,19.463426398774065,11.318105706545518,27.074542932126203
983,-3637.531828505977,17.764016113456922,7.431496705019436,2.38097514020268
984,-3426.9164876847385,17.41446778567566,19.39620460127087,1.88928437770383
985,-15393.772029119817,28.42002285237501,12.770835724865544,-33.12456170867658
986,-8163.658081748696,15.602774595157223,18.734609217044174,-17.55995569558551
987,,3.2284471515987825,20.22214659464903,-1.0119541752946617
988,-20407.061240246952,-6.677683077337921,17.937010696692575,-71.34428591463148
989,5300.96592968282,9.61431027242856,12.338861942881188,31.90355815697782
990,-3825.946368979121,12.266102186765242,8.023648177972834,-16.330176426420937
991,10504.252282245145,0.2759497197573459,14.1037040423997,43.9824991826178
992,-8405.7762953348,42.94151165220303,11.300048408784193,74.49617381256482
993,5092.545659586718,27.914755851749444,16.72666679198864,53.55574749553713
994,-43499.28639106653,7.569658797783404,26.16091856867726,-87.95264977672618
995,-2133.128353110082,20.23463380536334,18.666566594514137,9.6063891110282
996,9855.433841809405,-11.445486550820451,27.508436991358916,24.695841587263992
997,-39649.67027288873,8.906635822196424,21.187188637652845,-111.02774625684222
998,35995.9366238893,11.105810789193152,23.698310012985097,94.58447676997288
999,-4694.35193488216,39.10870068895503,23.49413793961211,37.00614968433212
